player,team,year,conference,receiving_yards,receiving_tds,rushing_yards,rushing_tds,passing_yards,passing_tds,DOM,DOM+,RDOM,RDOM+,PDOM,PDOM+,elusive_rating
A.J. Suggs*,Georgia Tech,2002,ACC,0.0,0.0,0.0,0.0,2242.0,12.0,0.0,0.0,0.0,0.0,80.85,76.81,
Aaron Alexander,Michigan State,2002,BIG TEN,0.0,0.0,0.0,0.0,44.0,1.0,0.0,0.0,0.0,0.0,2.89,2.89,
Aaron Karas,Baylor,2002,BIG 12,0.0,0.0,0.0,0.0,1792.0,6.0,0.0,0.0,0.0,0.0,62.25,59.14,
Aaron Polanco,Navy,2002,INDEPENDENT,0.0,0.0,0.0,0.0,253.0,0.0,0.0,0.0,0.0,0.0,0.0,0.0,
Adam Hall,San Diego State,2002,MWC,0.0,0.0,0.0,0.0,3253.0,17.0,0.0,0.0,0.0,0.0,73.22,55.65,
Adam Mallette,Idaho,2002,SUN BELT,0.0,0.0,0.0,0.0,351.0,2.0,0.0,0.0,0.0,0.0,9.4,7.14,
Adam Porter,Ohio,2002,MAC,0.0,0.0,0.0,0.0,12.0,0.0,0.0,0.0,0.0,0.0,0.57,0.4,
Adam Rothenfluh*,Oregon State,2002,PAC 12,0.0,0.0,0.0,0.0,101.0,1.0,0.0,0.0,0.0,0.0,3.4,3.23,
Adam Smith,Duke,2002,ACC,0.0,0.0,0.0,0.0,2031.0,12.0,0.0,0.0,0.0,0.0,75.66,71.88,
Adrian McPherson*,Florida State,2002,ACC,0.0,0.0,0.0,0.0,1017.0,12.0,0.0,0.0,0.0,0.0,39.43,37.46,
Ahmad Harris,Louisiana Tech,2002,OTHER,0.0,0.0,0.0,0.0,0.0,0.0,0.0,0.0,0.0,0.0,0.0,0.0,
Ajenavi Eziemefe*,Georgia Tech,2002,ACC,0.0,0.0,0.0,0.0,3.0,0.0,0.0,0.0,0.0,0.0,0.05,0.05,
Alex Smith,Utah,2002,MWC,0.0,0.0,0.0,0.0,4.0,0.0,0.0,0.0,0.0,0.0,0.09,0.07,
Alexander Webb,Northwestern,2002,BIG TEN,0.0,0.0,0.0,0.0,45.0,0.0,0.0,0.0,0.0,0.0,0.81,0.81,
Andre Green,Middle Tennessee State,2002,SUN BELT,0.0,0.0,0.0,0.0,8.0,0.0,0.0,0.0,0.0,0.0,0.22,0.17,
Andrew Smith*,North Texas,2002,SUN BELT,0.0,0.0,0.0,0.0,1206.0,7.0,0.0,0.0,0.0,0.0,89.19,67.78,
Andrew Walter*,Arizona State,2002,PAC 12,0.0,0.0,0.0,0.0,3877.0,28.0,0.0,0.0,0.0,0.0,90.73,86.19,
Andrico Hines,Middle Tennessee State,2002,SUN BELT,0.0,0.0,0.0,0.0,1753.0,6.0,0.0,0.0,0.0,0.0,97.43,74.05,
Andy Blount*,North Texas,2002,SUN BELT,0.0,0.0,0.0,0.0,0.0,0.0,0.0,0.0,0.0,0.0,0.0,0.0,
Andy Goodenough*,Arizona State,2002,PAC 12,0.0,0.0,0.0,0.0,52.0,0.0,0.0,0.0,0.0,0.0,0.61,0.58,
Andy Jerdon,Akron,2002,MAC,0.0,0.0,0.0,0.0,0.0,0.0,0.0,0.0,0.0,0.0,0.0,0.0,
Andy Roesch,Ball State,2002,MAC,0.0,0.0,0.0,0.0,1341.0,15.0,0.0,0.0,0.0,0.0,68.77,48.14,
Andy Sahm,Bowling Green,2002,MAC,0.0,0.0,0.0,0.0,244.0,4.0,0.0,0.0,0.0,0.0,11.83,8.28,
Anquan Boldin*,Florida State,2002,ACC,0.0,0.0,0.0,0.0,111.0,1.0,0.0,0.0,0.0,0.0,3.73,3.54,
Antonio Thomas,Western Michigan,2002,MAC,0.0,0.0,0.0,0.0,0.0,0.0,0.0,0.0,0.0,0.0,0.0,0.0,
Arnaz Battle*,Notre Dame,2002,INDEPENDENT,0.0,0.0,0.0,0.0,30.0,0.0,0.0,0.0,0.0,0.0,0.0,0.0,
Asad Abdul-Khaliq*,Minnesota,2002,BIG TEN,0.0,0.0,0.0,0.0,2190.0,19.0,0.0,0.0,0.0,0.0,91.17,91.17,
Aso Pogi*,Oklahoma State,2002,BIG 12,0.0,0.0,0.0,0.0,269.0,1.0,0.0,0.0,0.0,0.0,5.5,5.22,
B.J. Rhode*,Boise State,2002,OTHER,0.0,0.0,0.0,0.0,1444.0,11.0,0.0,0.0,0.0,0.0,0.0,0.0,
B.J. Symons*,Texas Tech,2002,BIG 12,0.0,0.0,0.0,0.0,329.0,5.0,0.0,0.0,0.0,0.0,8.02,7.62,
Barrick Nealy,Houston,2002,CUSA,0.0,0.0,0.0,0.0,542.0,3.0,0.0,0.0,0.0,0.0,18.04,12.63,
Barry Kunkel*,Colorado,2002,BIG 12,0.0,0.0,0.0,0.0,29.0,0.0,0.0,0.0,0.0,0.0,0.73,0.69,
Beau Pierce,San Jose State,2002,OTHER,0.0,0.0,0.0,0.0,29.0,0.0,0.0,0.0,0.0,0.0,0.0,0.0,
Ben Roethlisberger,Miami (OH),2002,MAC,0.0,0.0,0.0,0.0,3238.0,22.0,0.0,0.0,0.0,0.0,92.6,64.82,
Benji Kamrath*,Minnesota,2002,BIG TEN,0.0,0.0,0.0,0.0,122.0,2.0,0.0,0.0,0.0,0.0,7.32,7.32,
Benji Walker,Vanderbilt,2002,SEC,0.0,0.0,0.0,0.0,236.0,0.0,0.0,0.0,0.0,0.0,7.07,7.07,
Bill Whittemore,Kansas,2002,BIG 12,0.0,0.0,0.0,0.0,1666.0,11.0,0.0,0.0,0.0,0.0,78.75,74.81,
Billy McMullen*,Virginia,2002,ACC,0.0,0.0,0.0,0.0,37.0,1.0,0.0,0.0,0.0,0.0,2.14,2.03,
Blain Bech*,LSU,2002,SEC,0.0,0.0,0.0,0.0,0.0,0.0,0.0,0.0,0.0,0.0,0.0,0.0,
Blayne Baggett,Western Michigan,2002,MAC,0.0,0.0,0.0,0.0,21.0,1.0,0.0,0.0,0.0,0.0,3.12,2.18,
Brad Banks*,Iowa,2002,BIG TEN,0.0,0.0,0.0,0.0,2573.0,26.0,0.0,0.0,0.0,0.0,95.2,95.2,
Brad Smith,Missouri,2002,BIG 12,0.0,0.0,0.0,0.0,2333.0,15.0,0.0,0.0,0.0,0.0,91.96,87.36,
Brad Tepper,Navy,2002,INDEPENDENT,0.0,0.0,0.0,0.0,0.0,0.0,0.0,0.0,0.0,0.0,0.0,0.0,
Bradlee Van Pelt*,Colorado State,2002,MWC,0.0,0.0,0.0,0.0,2073.0,10.0,0.0,0.0,0.0,0.0,73.82,56.1,
Bradley Chavez,UAB,2002,CUSA,0.0,0.0,0.0,0.0,30.0,0.0,0.0,0.0,0.0,0.0,0.68,0.48,
Brandon Birks,Tulsa,2002,OTHER,0.0,0.0,0.0,0.0,0.0,0.0,0.0,0.0,0.0,0.0,0.0,0.0,
Brandon Kirsch*,Purdue,2002,BIG TEN,0.0,0.0,0.0,0.0,1067.0,8.0,0.0,0.0,0.0,0.0,35.1,35.1,
Brandon Rideau,Kansas,2002,BIG 12,0.0,0.0,0.0,0.0,0.0,0.0,0.0,0.0,0.0,0.0,0.0,0.0,
Bret Engemann,BYU,2002,MWC,0.0,0.0,0.0,0.0,1334.0,6.0,0.0,0.0,0.0,0.0,40.07,30.45,
Brett Basanez,Northwestern,2002,BIG TEN,0.0,0.0,0.0,0.0,2204.0,7.0,0.0,0.0,0.0,0.0,78.47,78.47,
Brett Elliott,Utah,2002,MWC,0.0,0.0,0.0,0.0,1529.0,10.0,0.0,0.0,0.0,0.0,64.62,49.11,
Brian Copple,New Mexico State,2002,SUN BELT,0.0,0.0,0.0,0.0,27.0,0.0,0.0,0.0,0.0,0.0,0.58,0.44,
Brian Jones*,Toledo,2002,MAC,0.0,0.0,0.0,0.0,3446.0,23.0,0.0,0.0,0.0,0.0,93.72,65.6,
Brian Lindgren,Idaho,2002,SUN BELT,0.0,0.0,0.0,0.0,2763.0,19.0,0.0,0.0,0.0,0.0,81.06,61.61,
Brian Luke,Kansas,2002,BIG 12,0.0,0.0,0.0,0.0,214.0,0.0,0.0,0.0,0.0,0.0,4.68,4.45,
Brian Miller,UCF,2002,MAC,0.0,0.0,0.0,0.0,7.0,0.0,0.0,0.0,0.0,0.0,0.09,0.06,
Brian St. Pierre*,Boston College,2002,OTHER,0.0,0.0,0.0,0.0,2983.0,18.0,0.0,0.0,0.0,0.0,0.0,0.0,
Brock Forsey*,Boise State,2002,OTHER,0.0,0.0,0.0,0.0,0.0,0.0,0.0,0.0,0.0,0.0,0.0,0.0,
Brodie Croyle,Alabama,2002,SEC,0.0,0.0,0.0,0.0,1046.0,5.0,0.0,0.0,0.0,0.0,41.98,41.98,
Brooks Bollinger*,Wisconsin,2002,BIG TEN,0.0,0.0,0.0,0.0,1758.0,14.0,0.0,0.0,0.0,0.0,84.83,84.83,
Bruce Gradkowski*,Toledo,2002,MAC,0.0,0.0,0.0,0.0,28.0,0.0,0.0,0.0,0.0,0.0,0.39,0.27,
Bryan Blew*,Air Force,2002,MWC,0.0,0.0,0.0,0.0,0.0,0.0,0.0,0.0,0.0,0.0,0.0,0.0,
Bryan Peterson*,North Carolina State,2002,ACC,0.0,0.0,0.0,0.0,27.0,0.0,0.0,0.0,0.0,0.0,0.39,0.37,
Bryan Randall*,Virginia Tech,2002,OTHER,0.0,0.0,0.0,0.0,2134.0,12.0,0.0,0.0,0.0,0.0,0.0,0.0,
Bryant Jacobs,Louisiana-Monroe,2002,SUN BELT,0.0,0.0,0.0,0.0,0.0,0.0,0.0,0.0,0.0,0.0,0.0,0.0,
Bryce Benekos,UTEP,2002,OTHER,0.0,0.0,0.0,0.0,0.0,0.0,0.0,0.0,0.0,0.0,0.0,0.0,
Buck Ortega*,Miami (FL),2002,OTHER,0.0,0.0,0.0,0.0,0.0,0.0,0.0,0.0,0.0,0.0,0.0,0.0,
Buck Pierce,New Mexico State,2002,SUN BELT,0.0,0.0,0.0,0.0,949.0,6.0,0.0,0.0,0.0,0.0,43.38,32.97,
Byron Leftwich*,Marshall,2002,MAC,0.0,0.0,0.0,0.0,4268.0,30.0,0.0,0.0,0.0,0.0,87.28,61.1,
C.J. Leak*,Tennessee,2002,SEC,0.0,0.0,0.0,0.0,56.0,0.0,0.0,0.0,0.0,0.0,1.06,1.06,
C.J. Stephens,North Carolina,2002,ACC,0.0,0.0,0.0,0.0,921.0,4.0,0.0,0.0,0.0,0.0,23.92,22.72,
Carl Scaffidi,New Mexico State,2002,SUN BELT,0.0,0.0,0.0,0.0,7.0,0.0,0.0,0.0,0.0,0.0,0.15,0.11,
Carlyle Holiday*,Notre Dame,2002,INDEPENDENT,0.0,0.0,0.0,0.0,1788.0,10.0,0.0,0.0,0.0,0.0,0.0,0.0,
Carson Palmer*,USC,2002,PAC 12,0.0,0.0,0.0,0.0,3942.0,33.0,0.0,0.0,0.0,0.0,99.42,94.45,
Casey Bramlet,Wyoming,2002,MWC,0.0,0.0,0.0,0.0,3290.0,24.0,0.0,0.0,0.0,0.0,97.0,73.72,
Casey Clausen*,Tennessee,2002,SEC,0.0,0.0,0.0,0.0,2297.0,11.0,0.0,0.0,0.0,0.0,82.87,82.87,
Casey Kelly*,New Mexico,2002,MWC,0.0,0.0,0.0,0.0,1667.0,13.0,0.0,0.0,0.0,0.0,84.25,64.03,
Cecil Sapp*,Colorado State,2002,MWC,0.0,0.0,0.0,0.0,7.0,1.0,0.0,0.0,0.0,0.0,3.47,2.64,
Cedric Stevens*,Toledo,2002,MAC,0.0,0.0,0.0,0.0,112.0,2.0,0.0,0.0,0.0,0.0,5.55,3.88,
Chad Brinker,Ohio,2002,MAC,0.0,0.0,0.0,0.0,58.0,1.0,0.0,0.0,0.0,0.0,11.1,7.77,
Chad Christensen*,Arizona State,2002,PAC 12,0.0,0.0,0.0,0.0,302.0,3.0,0.0,0.0,0.0,0.0,8.39,7.97,
Chad Kapanui*,Hawaii,2002,OTHER,0.0,0.0,0.0,0.0,70.0,0.0,0.0,0.0,0.0,0.0,0.0,0.0,
Chad Munson,Western Michigan,2002,MAC,0.0,0.0,0.0,0.0,2160.0,14.0,0.0,0.0,0.0,0.0,74.03,51.82,
Chance Harridge*,Air Force,2002,MWC,0.0,0.0,0.0,0.0,1062.0,10.0,0.0,0.0,0.0,0.0,86.86,66.01,
Chance Mock*,Texas,2002,BIG 12,0.0,0.0,0.0,0.0,44.0,0.0,0.0,0.0,0.0,0.0,0.68,0.65,
Chandler Sims,Navy,2002,INDEPENDENT,0.0,0.0,0.0,0.0,0.0,0.0,0.0,0.0,0.0,0.0,0.0,0.0,
Charles Pauley,San Jose State,2002,OTHER,0.0,0.0,0.0,0.0,85.0,2.0,0.0,0.0,0.0,0.0,0.0,0.0,
Charlie Frye,Akron,2002,MAC,0.0,0.0,0.0,0.0,2824.0,15.0,0.0,0.0,0.0,0.0,89.34,62.54,
Charlie Whitehurst*,Clemson,2002,ACC,0.0,0.0,0.0,0.0,1554.0,10.0,0.0,0.0,0.0,0.0,55.86,53.07,
Chinedu Okoro,Eastern Michigan,2002,MAC,0.0,0.0,0.0,0.0,14.0,0.0,0.0,0.0,0.0,0.0,0.24,0.17,
Chris Castelli,Army,2002,CUSA,0.0,0.0,0.0,0.0,7.0,0.0,0.0,0.0,0.0,0.0,0.16,0.11,
Chris Dapolito,Duke,2002,ACC,0.0,0.0,0.0,0.0,295.0,4.0,0.0,0.0,0.0,0.0,17.26,16.4,
Chris Ganter*,Penn State,2002,BIG TEN,0.0,0.0,0.0,0.0,0.0,0.0,0.0,0.0,0.0,0.0,0.0,0.0,
Chris Hurd*,Washington State,2002,PAC 12,0.0,0.0,0.0,0.0,61.0,0.0,0.0,0.0,0.0,0.0,0.8,0.76,
Chris Kelley*,Maryland,2002,ACC,0.0,0.0,0.0,0.0,171.0,0.0,0.0,0.0,0.0,0.0,3.2,3.04,
Chris Lewis,Stanford,2002,PAC 12,0.0,0.0,0.0,0.0,712.0,5.0,0.0,0.0,0.0,0.0,36.02,34.22,
Chris Rix*,Florida State,2002,ACC,0.0,0.0,0.0,0.0,1684.0,13.0,0.0,0.0,0.0,0.0,52.57,49.94,
Chris Simms*,Texas,2002,BIG 12,0.0,0.0,0.0,0.0,3207.0,26.0,0.0,0.0,0.0,0.0,99.32,94.35,
Chris Wispelway,Duke,2002,ACC,0.0,0.0,0.0,0.0,53.0,1.0,0.0,0.0,0.0,0.0,3.88,3.69,
Chris Wispelwey,Duke,2002,ACC,0.0,0.0,0.0,0.0,53.0,1.0,0.0,0.0,0.0,0.0,3.88,3.69,
Clarence Pittman,Rutgers,2002,OTHER,0.0,0.0,0.0,0.0,0.0,0.0,0.0,0.0,0.0,0.0,0.0,0.0,
Clark Green,Kansas,2002,BIG 12,0.0,0.0,0.0,0.0,0.0,0.0,0.0,0.0,0.0,0.0,0.0,0.0,
Clinton Greathouse*,Texas Tech,2002,BIG 12,0.0,0.0,0.0,0.0,0.0,0.0,0.0,0.0,0.0,0.0,0.0,0.0,
Cody Hodges*,Texas Tech,2002,BIG 12,0.0,0.0,0.0,0.0,10.0,0.0,0.0,0.0,0.0,0.0,0.09,0.09,
Cody Pickett*,Washington,2002,PAC 12,0.0,0.0,0.0,0.0,4458.0,28.0,0.0,0.0,0.0,0.0,99.52,94.54,
Cole Magner,Bowling Green,2002,MAC,0.0,0.0,0.0,0.0,74.0,3.0,0.0,0.0,0.0,0.0,6.9,4.83,
Collin Henderson*,Washington State,2002,PAC 12,0.0,0.0,0.0,0.0,125.0,1.0,0.0,0.0,0.0,0.0,3.31,3.14,
Connor Crehan,Army,2002,CUSA,0.0,0.0,0.0,0.0,0.0,0.0,0.0,0.0,0.0,0.0,0.0,0.0,
Corey Barnes,Rutgers,2002,OTHER,0.0,0.0,0.0,0.0,36.0,1.0,0.0,0.0,0.0,0.0,0.0,0.0,
Corey Bramlet,Wyoming,2002,MWC,0.0,0.0,0.0,0.0,67.0,1.0,0.0,0.0,0.0,0.0,3.0,2.28,
Corey Jenkins,South Carolina,2002,SEC,0.0,0.0,0.0,0.0,1334.0,7.0,0.0,0.0,0.0,0.0,71.63,71.63,
Cort Moffitt,Tulsa,2002,OTHER,0.0,0.0,0.0,0.0,13.0,0.0,0.0,0.0,0.0,0.0,0.0,0.0,
Cory Paus*,UCLA,2002,PAC 12,0.0,0.0,0.0,0.0,1647.0,10.0,0.0,0.0,0.0,0.0,53.9,51.2,
Cory Phillips*,Georgia,2002,SEC,0.0,0.0,0.0,0.0,92.0,1.0,0.0,0.0,0.0,0.0,3.12,3.12,
Cory Randolph*,Wake Forest,2002,ACC,0.0,0.0,0.0,0.0,333.0,0.0,0.0,0.0,0.0,0.0,7.67,7.29,
Craig Candeto,Navy,2002,INDEPENDENT,0.0,0.0,0.0,0.0,843.0,5.0,0.0,0.0,0.0,0.0,0.0,0.0,
Craig Krenzel*,Ohio State,2002,BIG TEN,0.0,0.0,0.0,0.0,2110.0,12.0,0.0,0.0,0.0,0.0,86.36,86.36,
Craig Ochs*,Colorado,2002,BIG 12,0.0,0.0,0.0,0.0,327.0,2.0,0.0,0.0,0.0,0.0,14.49,13.77,
Cris Love*,Iowa State,2002,BIG 12,0.0,0.0,0.0,0.0,62.0,1.0,0.0,0.0,0.0,0.0,4.06,3.86,
Curtis Ansel,Kansas,2002,BIG 12,0.0,0.0,0.0,0.0,23.0,0.0,0.0,0.0,0.0,0.0,0.5,0.48,
D.J. Shockley*,Georgia,2002,SEC,0.0,0.0,0.0,0.0,415.0,5.0,0.0,0.0,0.0,0.0,14.97,14.97,
Dahrran Diedrick*,Nebraska,2002,BIG 12,0.0,0.0,0.0,0.0,0.0,0.0,0.0,0.0,0.0,0.0,0.0,0.0,
Damarius Bilbo*,Georgia Tech,2002,ACC,0.0,0.0,0.0,0.0,487.0,3.0,0.0,0.0,0.0,0.0,18.87,17.93,
Damien Dorsey*,Louisville,2002,CUSA,0.0,0.0,0.0,0.0,15.0,0.0,0.0,0.0,0.0,0.0,0.25,0.18,
Damien Rhodes,Syracuse,2002,OTHER,0.0,0.0,0.0,0.0,16.0,0.0,0.0,0.0,0.0,0.0,0.0,0.0,
Damon Dowdell,Michigan State,2002,BIG TEN,0.0,0.0,0.0,0.0,1097.0,10.0,0.0,0.0,0.0,0.0,40.83,40.83,
Dan Lumley,Kentucky,2002,SEC,0.0,0.0,0.0,0.0,6.0,0.0,0.0,0.0,0.0,0.0,0.13,0.13,
Dan Orlovsky,Connecticut,2002,INDEPENDENT,0.0,0.0,0.0,0.0,2488.0,19.0,0.0,0.0,0.0,0.0,0.0,0.0,
Daniel Cobb*,Auburn,2002,SEC,0.0,0.0,0.0,0.0,1175.0,7.0,0.0,0.0,0.0,0.0,44.03,44.03,
Daniel Coke,Kansas,2002,BIG 12,0.0,0.0,0.0,0.0,16.0,0.0,0.0,0.0,0.0,0.0,0.35,0.33,
Daniel Da Prato,Louisiana-Monroe,2002,SUN BELT,0.0,0.0,0.0,0.0,195.0,0.0,0.0,0.0,0.0,0.0,3.66,2.78,
Danny Embick*,West Virginia,2002,OTHER,0.0,0.0,0.0,0.0,137.0,2.0,0.0,0.0,0.0,0.0,0.0,0.0,
Danny Upchurch*,Minnesota,2002,BIG TEN,0.0,0.0,0.0,0.0,50.0,0.0,0.0,0.0,0.0,0.0,1.05,1.05,
Danny Wimprine,Memphis,2002,CUSA,0.0,0.0,0.0,0.0,2820.0,23.0,0.0,0.0,0.0,0.0,97.08,67.96,
Darian Durant,North Carolina,2002,ACC,0.0,0.0,0.0,0.0,2122.0,16.0,0.0,0.0,0.0,0.0,71.26,67.7,
Darius Outlaw,Missouri,2002,BIG 12,0.0,0.0,0.0,0.0,36.0,0.0,0.0,0.0,0.0,0.0,0.74,0.7,
Darrell Hackney,UAB,2002,CUSA,0.0,0.0,0.0,0.0,1977.0,14.0,0.0,0.0,0.0,0.0,91.31,63.92,
Darren Sproles*,Kansas State,2002,BIG 12,0.0,0.0,0.0,0.0,0.0,0.0,0.0,0.0,0.0,0.0,0.0,0.0,
Darron White,Memphis,2002,CUSA,0.0,0.0,0.0,0.0,6.0,1.0,0.0,0.0,0.0,0.0,2.19,1.53,
Darryl Polk,Kent State,2002,MAC,0.0,0.0,0.0,0.0,428.0,2.0,0.0,0.0,0.0,0.0,31.51,22.06,
Darryl Scott,Duke,2002,ACC,0.0,0.0,0.0,0.0,20.0,1.0,0.0,0.0,0.0,0.0,3.19,3.03,
Dave Dawson,Buffalo,2002,MAC,0.0,0.0,0.0,0.0,0.0,0.0,0.0,0.0,0.0,0.0,0.0,0.0,
Dave Ragone*,Louisville,2002,CUSA,0.0,0.0,0.0,0.0,2880.0,24.0,0.0,0.0,0.0,0.0,96.91,67.84,
David Greene*,Georgia,2002,SEC,0.0,0.0,0.0,0.0,2924.0,22.0,0.0,0.0,0.0,0.0,81.85,81.85,
David Morris*,Ole Miss,2002,SEC,0.0,0.0,0.0,0.0,36.0,0.0,0.0,0.0,0.0,0.0,0.52,0.52,
David Mullins,South Florida,2002,INDEPENDENT,0.0,0.0,0.0,0.0,0.0,0.0,0.0,0.0,0.0,0.0,0.0,0.0,
Dedrick Poole*,Arkansas,2002,SEC,0.0,0.0,0.0,0.0,25.0,0.0,0.0,0.0,0.0,0.0,0.66,0.66,
Derek Anderson*,Oregon State,2002,PAC 12,0.0,0.0,0.0,0.0,3313.0,25.0,0.0,0.0,0.0,0.0,96.6,91.77,
Derek Gorney,Central Michigan,2002,MAC,0.0,0.0,0.0,0.0,29.0,0.0,0.0,0.0,0.0,0.0,0.73,0.51,
Derek McLaughlin*,Washington,2002,PAC 12,0.0,0.0,0.0,0.0,0.0,0.0,0.0,0.0,0.0,0.0,0.0,0.0,
Derell Jenkins,Northwestern,2002,BIG TEN,0.0,0.0,0.0,0.0,0.0,0.0,0.0,0.0,0.0,0.0,0.0,0.0,
Derrick Crudup*,Miami (FL),2002,OTHER,0.0,0.0,0.0,0.0,226.0,2.0,0.0,0.0,0.0,0.0,0.0,0.0,
Derrick Joseph*,Tulane,2002,CUSA,0.0,0.0,0.0,0.0,178.0,1.0,0.0,0.0,0.0,0.0,5.86,4.1,
Derrick Tinsley*,Tennessee,2002,SEC,0.0,0.0,0.0,0.0,5.0,1.0,0.0,0.0,0.0,0.0,3.67,3.67,
Derrick Vickers,Central Michigan,2002,MAC,0.0,0.0,0.0,0.0,1828.0,9.0,0.0,0.0,0.0,0.0,90.84,63.59,
Desmond Robinson,East Carolina,2002,CUSA,0.0,0.0,0.0,0.0,250.0,1.0,0.0,0.0,0.0,0.0,7.98,5.59,
Dondrial Pinkins,South Carolina,2002,SEC,0.0,0.0,0.0,0.0,431.0,2.0,0.0,0.0,0.0,0.0,21.83,21.83,
Dontrell Jackson,Ohio,2002,MAC,0.0,0.0,0.0,0.0,267.0,0.0,0.0,0.0,0.0,0.0,12.73,8.91,
Dontrell Moore*,New Mexico,2002,MWC,0.0,0.0,0.0,0.0,16.0,0.0,0.0,0.0,0.0,0.0,0.39,0.3,
Doug Brady,New Mexico State,2002,SUN BELT,0.0,0.0,0.0,0.0,27.0,0.0,0.0,0.0,0.0,0.0,0.58,0.44,
Dowell Loggains*,Arkansas,2002,SEC,0.0,0.0,0.0,0.0,11.0,0.0,0.0,0.0,0.0,0.0,0.29,0.29,
Drew Dunning*,Washington State,2002,PAC 12,0.0,0.0,0.0,0.0,0.0,0.0,0.0,0.0,0.0,0.0,0.0,0.0,
Drew Olson*,UCLA,2002,PAC 12,0.0,0.0,0.0,0.0,702.0,3.0,0.0,0.0,0.0,0.0,19.65,18.67,
Dustin Almond*,Southern Mississippi,2002,CUSA,0.0,0.0,0.0,0.0,757.0,3.0,0.0,0.0,0.0,0.0,29.08,20.36,
Dustin Long,Texas A&M,2002,BIG 12,0.0,0.0,0.0,0.0,2509.0,19.0,0.0,0.0,0.0,0.0,77.01,73.16,
Dustin Ward,Illinois,2002,BIG TEN,0.0,0.0,0.0,0.0,877.0,5.0,0.0,0.0,0.0,0.0,22.56,22.56,
Earnest Graham*,Florida,2002,SEC,0.0,0.0,0.0,0.0,0.0,0.0,0.0,0.0,0.0,0.0,0.0,0.0,
Eddie Tillitz,Miami (OH),2002,MAC,0.0,0.0,0.0,0.0,0.0,0.0,0.0,0.0,0.0,0.0,0.0,0.0,
Eli Manning*,Ole Miss,2002,SEC,0.0,0.0,0.0,0.0,3401.0,21.0,0.0,0.0,0.0,0.0,99.48,99.48,
Ell Roberson*,Kansas State,2002,BIG 12,0.0,0.0,0.0,0.0,1580.0,7.0,0.0,0.0,0.0,0.0,63.24,60.08,
Elliot Jacobs,Arkansas State,2002,SUN BELT,0.0,0.0,0.0,0.0,1751.0,7.0,0.0,0.0,0.0,0.0,96.87,73.62,
Eric Johnson,Stanford,2002,PAC 12,0.0,0.0,0.0,0.0,-8.0,0.0,0.0,0.0,0.0,0.0,-0.2,-0.19,
Eric Neihouse,Arkansas State,2002,SUN BELT,0.0,0.0,0.0,0.0,0.0,0.0,0.0,0.0,0.0,0.0,0.0,0.0,
Eric Rekieta,Louisiana,2002,SUN BELT,0.0,0.0,0.0,0.0,652.0,4.0,0.0,0.0,0.0,0.0,27.31,20.76,
Erik Kimrey,South Carolina,2002,SEC,0.0,0.0,0.0,0.0,48.0,1.0,0.0,0.0,0.0,0.0,6.32,6.32,
Fabian Davis*,Wake Forest,2002,ACC,0.0,0.0,0.0,0.0,0.0,0.0,0.0,0.0,0.0,0.0,0.0,0.0,
Fabian Walker*,Florida State,2002,ACC,0.0,0.0,0.0,0.0,143.0,1.0,0.0,0.0,0.0,0.0,4.27,4.06,
Floyd Smith,Louisiana-Monroe,2002,SUN BELT,0.0,0.0,0.0,0.0,122.0,0.0,0.0,0.0,0.0,0.0,2.29,1.74,
Fred Ray,Ohio,2002,MAC,0.0,0.0,0.0,0.0,712.0,5.0,0.0,0.0,0.0,0.0,75.6,52.92,
Freddie Capshaw*,Miami (FL),2002,OTHER,0.0,0.0,0.0,0.0,47.0,1.0,0.0,0.0,0.0,0.0,0.0,0.0,
Frederick Stamps,Louisiana,2002,SUN BELT,0.0,0.0,0.0,0.0,0.0,0.0,0.0,0.0,0.0,0.0,0.0,0.0,
Garrett Lepisto*,UCLA,2002,PAC 12,0.0,0.0,0.0,0.0,8.0,0.0,0.0,0.0,0.0,0.0,0.13,0.12,
George Marshall*,North Texas,2002,SUN BELT,0.0,0.0,0.0,0.0,21.0,0.0,0.0,0.0,0.0,0.0,0.79,0.6,
George Murray*,Cincinnati,2002,CUSA,0.0,0.0,0.0,0.0,57.0,0.0,0.0,0.0,0.0,0.0,0.78,0.55,
Gibran Hamdan,Indiana,2002,BIG TEN,0.0,0.0,0.0,0.0,2115.0,9.0,0.0,0.0,0.0,0.0,60.02,60.02,
Gino Guidugli*,Cincinnati,2002,CUSA,0.0,0.0,0.0,0.0,3543.0,22.0,0.0,0.0,0.0,0.0,98.55,68.98,
Glenn Johnson,Indiana,2002,BIG TEN,0.0,0.0,0.0,0.0,26.0,0.0,0.0,0.0,0.0,0.0,0.43,0.43,
Glenn Pakulak,Kentucky,2002,SEC,0.0,0.0,0.0,0.0,15.0,0.0,0.0,0.0,0.0,0.0,0.31,0.31,
Grant Arnoldink,Central Michigan,2002,MAC,0.0,0.0,0.0,0.0,41.0,0.0,0.0,0.0,0.0,0.0,1.03,0.72,
Grant Noel*,Virginia Tech,2002,OTHER,0.0,0.0,0.0,0.0,86.0,2.0,0.0,0.0,0.0,0.0,0.0,0.0,
Greg Cicero,Baylor,2002,BIG 12,0.0,0.0,0.0,0.0,382.0,1.0,0.0,0.0,0.0,0.0,11.88,11.29,
Greg Golden*,North Carolina State,2002,ACC,0.0,0.0,0.0,0.0,0.0,0.0,0.0,0.0,0.0,0.0,0.0,0.0,
Greg Henderson,Rice,2002,OTHER,0.0,0.0,0.0,0.0,406.0,2.0,0.0,0.0,0.0,0.0,0.0,0.0,
Greg Jones*,Oklahoma State,2002,BIG 12,0.0,0.0,0.0,0.0,0.0,0.0,0.0,0.0,0.0,0.0,0.0,0.0,
Guy Tomcheck,Baylor,2002,BIG 12,0.0,0.0,0.0,0.0,99.0,1.0,0.0,0.0,0.0,0.0,6.78,6.44,
Hakim Hill*,Arizona State,2002,PAC 12,0.0,0.0,0.0,0.0,0.0,0.0,0.0,0.0,0.0,0.0,0.0,0.0,
Hansell Bearden,Troy,2002,INDEPENDENT,0.0,0.0,0.0,0.0,1463.0,6.0,0.0,0.0,0.0,0.0,0.0,0.0,
Heath Miller*,Virginia,2002,ACC,0.0,0.0,0.0,0.0,20.0,1.0,0.0,0.0,0.0,0.0,1.87,1.78,
Henri Childs*,Colorado State,2002,MWC,0.0,0.0,0.0,0.0,0.0,0.0,0.0,0.0,0.0,0.0,0.0,0.0,
Hiram Gonzalez*,North Texas,2002,SUN BELT,0.0,0.0,0.0,0.0,65.0,1.0,0.0,0.0,0.0,0.0,8.7,6.61,
Hubert Caliste,San Diego State,2002,MWC,0.0,0.0,0.0,0.0,0.0,0.0,0.0,0.0,0.0,0.0,0.0,0.0,
Ingle Martin*,Florida,2002,SEC,0.0,0.0,0.0,0.0,96.0,0.0,0.0,0.0,0.0,0.0,1.36,1.36,
J.P. Blecksmith,Navy,2002,INDEPENDENT,0.0,0.0,0.0,0.0,88.0,0.0,0.0,0.0,0.0,0.0,0.0,0.0,
J.P. Losman*,Tulane,2002,CUSA,0.0,0.0,0.0,0.0,2468.0,19.0,0.0,0.0,0.0,0.0,94.14,65.9,
J.R. Peroulis,Utah,2002,MWC,0.0,0.0,0.0,0.0,0.0,0.0,0.0,0.0,0.0,0.0,0.0,0.0,
J.R. Tolver,San Diego State,2002,MWC,0.0,0.0,0.0,0.0,87.0,0.0,0.0,0.0,0.0,0.0,1.01,0.77,
Ja'Mel Branch*,North Texas,2002,SUN BELT,0.0,0.0,0.0,0.0,0.0,0.0,0.0,0.0,0.0,0.0,0.0,0.0,
James Banks*,Tennessee,2002,SEC,0.0,0.0,0.0,0.0,277.0,2.0,0.0,0.0,0.0,0.0,12.4,12.4,
James Kilian,Tulsa,2002,OTHER,0.0,0.0,0.0,0.0,208.0,1.0,0.0,0.0,0.0,0.0,0.0,0.0,
James MacPherson*,Wake Forest,2002,ACC,0.0,0.0,0.0,0.0,1837.0,8.0,0.0,0.0,0.0,0.0,92.33,87.71,
Jammal Lord*,Nebraska,2002,BIG 12,0.0,0.0,0.0,0.0,1362.0,12.0,0.0,0.0,0.0,0.0,96.58,91.75,
Jared Lorenzen,Kentucky,2002,SEC,0.0,0.0,0.0,0.0,2267.0,24.0,0.0,0.0,0.0,0.0,97.49,97.49,
Jarrett Payton*,Miami (FL),2002,OTHER,0.0,0.0,0.0,0.0,0.0,0.0,0.0,0.0,0.0,0.0,0.0,0.0,
Jason Campbell*,Auburn,2002,SEC,0.0,0.0,0.0,0.0,1215.0,11.0,0.0,0.0,0.0,0.0,55.97,55.97,
Jason Carter,Texas A&M,2002,BIG 12,0.0,0.0,0.0,0.0,0.0,0.0,0.0,0.0,0.0,0.0,0.0,0.0,
Jason Cox*,Toledo,2002,MAC,0.0,0.0,0.0,0.0,0.0,0.0,0.0,0.0,0.0,0.0,0.0,0.0,
Jason Daily,Michigan State,2002,BIG TEN,0.0,0.0,0.0,0.0,9.0,0.0,0.0,0.0,0.0,0.0,0.16,0.16,
Jason Fife*,Oregon,2002,PAC 12,0.0,0.0,0.0,0.0,2752.0,24.0,0.0,0.0,0.0,0.0,92.66,88.03,
Jason Gesser*,Washington State,2002,PAC 12,0.0,0.0,0.0,0.0,3408.0,28.0,0.0,0.0,0.0,0.0,91.45,86.88,
Jason Johnson,Arizona,2002,PAC 12,0.0,0.0,0.0,0.0,3327.0,16.0,0.0,0.0,0.0,0.0,94.9,90.16,
Jason Samples,Troy,2002,INDEPENDENT,0.0,0.0,0.0,0.0,0.0,0.0,0.0,0.0,0.0,0.0,0.0,0.0,
Jason Thomas,Nevada-Las Vegas,2002,MWC,0.0,0.0,0.0,0.0,1936.0,8.0,0.0,0.0,0.0,0.0,69.92,53.14,
Jason Whieldon*,Hawaii,2002,OTHER,0.0,0.0,0.0,0.0,92.0,3.0,0.0,0.0,0.0,0.0,0.0,0.0,
Jason White*,Oklahoma,2002,BIG 12,0.0,0.0,0.0,0.0,181.0,1.0,0.0,0.0,0.0,0.0,4.99,4.74,
Jay Cutler,Vanderbilt,2002,SEC,0.0,0.0,0.0,0.0,1433.0,10.0,0.0,0.0,0.0,0.0,92.93,92.93,
Jay Davis*,North Carolina State,2002,ACC,0.0,0.0,0.0,0.0,88.0,0.0,0.0,0.0,0.0,0.0,1.27,1.21,
Jeff Babcock*,Colorado State,2002,MWC,0.0,0.0,0.0,0.0,0.0,0.0,0.0,0.0,0.0,0.0,0.0,0.0,
Jeff Crooks,Eastern Michigan,2002,MAC,0.0,0.0,0.0,0.0,185.0,1.0,0.0,0.0,0.0,0.0,5.3,3.71,
Jeff Crosbie,Utah State,2002,INDEPENDENT,0.0,0.0,0.0,0.0,93.0,1.0,0.0,0.0,0.0,0.0,0.0,0.0,
Jeff Grady*,Fresno State,2002,OTHER,0.0,0.0,0.0,0.0,453.0,3.0,0.0,0.0,0.0,0.0,0.0,0.0,
Jeff Hilliard,Memphis,2002,CUSA,0.0,0.0,0.0,0.0,10.0,0.0,0.0,0.0,0.0,0.0,0.17,0.12,
Jeff Rowe,Nevada,2002,OTHER,0.0,0.0,0.0,0.0,138.0,1.0,0.0,0.0,0.0,0.0,0.0,0.0,
Jeff Schwinn*,Kansas State,2002,BIG 12,0.0,0.0,0.0,0.0,103.0,1.0,0.0,0.0,0.0,0.0,6.06,5.76,
Jeff Scott*,Clemson,2002,ACC,0.0,0.0,0.0,0.0,7.0,0.0,0.0,0.0,0.0,0.0,0.11,0.1,
Jeff Smoker,Michigan State,2002,BIG TEN,0.0,0.0,0.0,0.0,1593.0,13.0,0.0,0.0,0.0,0.0,56.12,56.12,
Jeff Whitaker*,Florida,2002,SEC,0.0,0.0,0.0,0.0,0.0,0.0,0.0,0.0,0.0,0.0,0.0,0.0,
Jerel Myers*,LSU,2002,SEC,0.0,0.0,0.0,0.0,0.0,0.0,0.0,0.0,0.0,0.0,0.0,0.0,
Jermaine Green*,Washington State,2002,PAC 12,0.0,0.0,0.0,0.0,0.0,0.0,0.0,0.0,0.0,0.0,0.0,0.0,
Jermaine Landrum,Tulsa,2002,OTHER,0.0,0.0,0.0,0.0,0.0,0.0,0.0,0.0,0.0,0.0,0.0,0.0,
Jermell Williams,Connecticut,2002,INDEPENDENT,0.0,0.0,0.0,0.0,136.0,1.0,0.0,0.0,0.0,0.0,0.0,0.0,
Jerome Stegall,Arkansas State,2002,SUN BELT,0.0,0.0,0.0,0.0,0.0,0.0,0.0,0.0,0.0,0.0,0.0,0.0,
Jim Sorgi*,Wisconsin,2002,BIG TEN,0.0,0.0,0.0,0.0,536.0,1.0,0.0,0.0,0.0,0.0,14.97,14.97,
Jimmy Erwin,Northern Illinois,2002,MAC,0.0,0.0,0.0,0.0,22.0,0.0,0.0,0.0,0.0,0.0,0.52,0.36,
Joe Alls,Bowling Green,2002,MAC,0.0,0.0,0.0,0.0,15.0,1.0,0.0,0.0,0.0,0.0,2.12,1.48,
Joe Chrisman*,Nebraska,2002,BIG 12,0.0,0.0,0.0,0.0,0.0,0.0,0.0,0.0,0.0,0.0,0.0,0.0,
Joel Klatt*,Colorado,2002,BIG 12,0.0,0.0,0.0,0.0,0.0,0.0,0.0,0.0,0.0,0.0,0.0,0.0,
Joey Cuppari*,Colorado State,2002,MWC,0.0,0.0,0.0,0.0,0.0,0.0,0.0,0.0,0.0,0.0,0.0,0.0,
Joey Hildbold*,Notre Dame,2002,INDEPENDENT,0.0,0.0,0.0,0.0,12.0,0.0,0.0,0.0,0.0,0.0,0.0,0.0,
John Lafferty,North Carolina,2002,ACC,0.0,0.0,0.0,0.0,24.0,0.0,0.0,0.0,0.0,0.0,0.38,0.36,
John Navarre*,Michigan,2002,BIG TEN,0.0,0.0,0.0,0.0,2905.0,21.0,0.0,0.0,0.0,0.0,98.0,98.0,
John Sciarra*,UCLA,2002,PAC 12,0.0,0.0,0.0,0.0,75.0,1.0,0.0,0.0,0.0,0.0,3.89,3.7,
Jon Beutjer,Illinois,2002,BIG TEN,0.0,0.0,0.0,0.0,2511.0,21.0,0.0,0.0,0.0,0.0,77.44,77.44,
Jon Drach,Western Michigan,2002,MAC,0.0,0.0,0.0,0.0,892.0,3.0,0.0,0.0,0.0,0.0,22.85,16.0,
Jon Dubravac*,UCLA,2002,PAC 12,0.0,0.0,0.0,0.0,141.0,3.0,0.0,0.0,0.0,0.0,10.26,9.75,
Jon Rivera,UCF,2002,MAC,0.0,0.0,0.0,0.0,60.0,0.0,0.0,0.0,0.0,0.0,0.78,0.55,
Jon Schaper,UTEP,2002,OTHER,0.0,0.0,0.0,0.0,649.0,3.0,0.0,0.0,0.0,0.0,0.0,0.0,
Jon Van Cleave,Louisiana,2002,SUN BELT,0.0,0.0,0.0,0.0,2081.0,9.0,0.0,0.0,0.0,0.0,72.69,55.24,
Jonas Weatherbie,Kansas,2002,BIG 12,0.0,0.0,0.0,0.0,84.0,1.0,0.0,0.0,0.0,0.0,5.68,5.4,
Jonathan Evans,Baylor,2002,BIG 12,0.0,0.0,0.0,0.0,20.0,1.0,0.0,0.0,0.0,0.0,5.36,5.09,
Jonathan Smith*,Georgia Tech,2002,ACC,0.0,0.0,0.0,0.0,12.0,0.0,0.0,0.0,0.0,0.0,0.22,0.21,
Jose Fuentes,Utah State,2002,INDEPENDENT,0.0,0.0,0.0,0.0,3268.0,20.0,0.0,0.0,0.0,0.0,0.0,0.0,
Josh Betts,Miami (OH),2002,MAC,0.0,0.0,0.0,0.0,93.0,3.0,0.0,0.0,0.0,0.0,7.4,5.18,
Josh Brown,South Carolina,2002,SEC,0.0,0.0,0.0,0.0,0.0,0.0,0.0,0.0,0.0,0.0,0.0,0.0,
Josh Driscoll,Arkansas State,2002,SUN BELT,0.0,0.0,0.0,0.0,44.0,0.0,0.0,0.0,0.0,0.0,1.18,0.9,
Josh Fields*,Oklahoma State,2002,BIG 12,0.0,0.0,0.0,0.0,3145.0,31.0,0.0,0.0,0.0,0.0,94.5,89.78,
Josh Haldi,Northern Illinois,2002,MAC,0.0,0.0,0.0,0.0,2027.0,15.0,0.0,0.0,0.0,0.0,95.02,66.51,
Josh Harris,Bowling Green,2002,MAC,0.0,0.0,0.0,0.0,2425.0,19.0,0.0,0.0,0.0,0.0,79.15,55.4,
Josh Harris,Middle Tennessee State,2002,SUN BELT,0.0,0.0,0.0,0.0,6.0,0.0,0.0,0.0,0.0,0.0,0.16,0.12,
Josh Jelmberg,Idaho,2002,SUN BELT,0.0,0.0,0.0,0.0,36.0,0.0,0.0,0.0,0.0,0.0,0.52,0.4,
Josh Zachry,Baylor,2002,BIG 12,0.0,0.0,0.0,0.0,485.0,1.0,0.0,0.0,0.0,0.0,13.73,13.04,
Joshua Cribbs,Kent State,2002,MAC,0.0,0.0,0.0,0.0,1014.0,4.0,0.0,0.0,0.0,0.0,68.49,47.94,
Judd Davies*,Nebraska,2002,BIG 12,0.0,0.0,0.0,0.0,0.0,0.0,0.0,0.0,0.0,0.0,0.0,0.0,
Justin Gage,Missouri,2002,BIG 12,0.0,0.0,0.0,0.0,6.0,1.0,0.0,0.0,0.0,0.0,3.06,2.91,
Justin Holland*,Colorado State,2002,MWC,0.0,0.0,0.0,0.0,480.0,4.0,0.0,0.0,0.0,0.0,22.71,17.26,
Justin Millea*,New Mexico,2002,MWC,0.0,0.0,0.0,0.0,78.0,0.0,0.0,0.0,0.0,0.0,1.91,1.45,
Kacson Maddox,Troy,2002,INDEPENDENT,0.0,0.0,0.0,0.0,0.0,0.0,0.0,0.0,0.0,0.0,0.0,0.0,
Karlin Riley*,Southern Mississippi,2002,CUSA,0.0,0.0,0.0,0.0,47.0,1.0,0.0,0.0,0.0,0.0,5.5,3.85,
Keenan Howry*,Oregon,2002,PAC 12,0.0,0.0,0.0,0.0,0.0,0.0,0.0,0.0,0.0,0.0,0.0,0.0,
Keiwan Ratliff*,Florida,2002,SEC,0.0,0.0,0.0,0.0,21.0,0.0,0.0,0.0,0.0,0.0,0.3,0.3,
Kellen Clemens*,Oregon,2002,PAC 12,0.0,0.0,0.0,0.0,201.0,2.0,0.0,0.0,0.0,0.0,7.24,6.88,
Ken Dorsey*,Miami (FL),2002,OTHER,0.0,0.0,0.0,0.0,3369.0,28.0,0.0,0.0,0.0,0.0,0.0,0.0,
Kent Smith,Central Michigan,2002,MAC,0.0,0.0,0.0,0.0,96.0,1.0,0.0,0.0,0.0,0.0,7.41,5.19,
Keron Henry,Connecticut,2002,INDEPENDENT,0.0,0.0,0.0,0.0,47.0,1.0,0.0,0.0,0.0,0.0,0.0,0.0,
Kevin Brown*,Texas Christian,2002,CUSA,0.0,0.0,0.0,0.0,0.0,0.0,0.0,0.0,0.0,0.0,0.0,0.0,
Kevin Curtis,Utah State,2002,INDEPENDENT,0.0,0.0,0.0,0.0,16.0,0.0,0.0,0.0,0.0,0.0,0.0,0.0,
Kevin Fant,Mississippi State,2002,SEC,0.0,0.0,0.0,0.0,1918.0,10.0,0.0,0.0,0.0,0.0,75.19,75.19,
Kevin O'Connell,Idaho,2002,SUN BELT,0.0,0.0,0.0,0.0,23.0,0.0,0.0,0.0,0.0,0.0,0.33,0.25,
Kirk Farmer,Missouri,2002,BIG 12,0.0,0.0,0.0,0.0,63.0,1.0,0.0,0.0,0.0,0.0,4.23,4.02,
Kjell Nesen,Louisiana-Monroe,2002,SUN BELT,0.0,0.0,0.0,0.0,29.0,0.0,0.0,0.0,0.0,0.0,0.54,0.41,
Kliff Kingsbury*,Texas Tech,2002,BIG 12,0.0,0.0,0.0,0.0,5017.0,45.0,0.0,0.0,0.0,0.0,91.08,86.53,
Kole McKamey*,New Mexico,2002,MWC,0.0,0.0,0.0,0.0,3.0,0.0,0.0,0.0,0.0,0.0,0.07,0.05,
Kunle Patrick,Northwestern,2002,BIG TEN,0.0,0.0,0.0,0.0,0.0,0.0,0.0,0.0,0.0,0.0,0.0,0.0,
Kurt Nantkes,Nevada-Las Vegas,2002,MWC,0.0,0.0,0.0,0.0,405.0,6.0,0.0,0.0,0.0,0.0,30.08,22.86,
Kyle Boller,California,2002,PAC 12,0.0,0.0,0.0,0.0,2815.0,28.0,0.0,0.0,0.0,0.0,92.54,87.91,
Kyle Herm,Rice,2002,OTHER,0.0,0.0,0.0,0.0,685.0,4.0,0.0,0.0,0.0,0.0,0.0,0.0,
Kyle Matter,Stanford,2002,PAC 12,0.0,0.0,0.0,0.0,1219.0,8.0,0.0,0.0,0.0,0.0,59.67,56.69,
Kyle Orton*,Purdue,2002,BIG TEN,0.0,0.0,0.0,0.0,2257.0,13.0,0.0,0.0,0.0,0.0,64.9,64.9,
Kyle York,Mississippi State,2002,SEC,0.0,0.0,0.0,0.0,693.0,3.0,0.0,0.0,0.0,0.0,24.81,24.81,
Ladaris Vann*,Cincinnati,2002,CUSA,0.0,0.0,0.0,0.0,49.0,0.0,0.0,0.0,0.0,0.0,0.67,0.47,
Ladarius Price,Memphis,2002,CUSA,0.0,0.0,0.0,0.0,0.0,0.0,0.0,0.0,0.0,0.0,0.0,0.0,
Lamar Owens,Navy,2002,INDEPENDENT,0.0,0.0,0.0,0.0,0.0,0.0,0.0,0.0,0.0,0.0,0.0,0.0,
Lance Pendleton,BYU,2002,MWC,0.0,0.0,0.0,0.0,376.0,2.0,0.0,0.0,0.0,0.0,12.26,9.32,
Lance Rice,Utah,2002,MWC,0.0,0.0,0.0,0.0,758.0,6.0,0.0,0.0,0.0,0.0,35.29,26.82,
Lane Bearden,Alabama,2002,SEC,0.0,0.0,0.0,0.0,12.0,0.0,0.0,0.0,0.0,0.0,0.24,0.24,
Lane Danielsen*,Iowa State,2002,BIG 12,0.0,0.0,0.0,0.0,1.0,0.0,0.0,0.0,0.0,0.0,0.02,0.02,
Laron Bybee,Army,2002,CUSA,0.0,0.0,0.0,0.0,69.0,0.0,0.0,0.0,0.0,0.0,1.61,1.13,
Lashaun Ward,California,2002,PAC 12,0.0,0.0,0.0,0.0,14.0,1.0,0.0,0.0,0.0,0.0,1.85,1.76,
Latrez Harrison*,Maryland,2002,ACC,0.0,0.0,0.0,0.0,0.0,0.0,0.0,0.0,0.0,0.0,0.0,0.0,
League Average,nan,2002,OTHER,0.0,0.0,0.0,0.0,0.0,0.0,0.0,0.0,0.0,0.0,0.0,0.0,
Leotis Palmer*,Air Force,2002,MWC,0.0,0.0,0.0,0.0,113.0,2.0,0.0,0.0,0.0,0.0,13.14,9.99,
Lon Sheriff,San Diego State,2002,MWC,0.0,0.0,0.0,0.0,962.0,7.0,0.0,0.0,0.0,0.0,25.76,19.58,
Luke McCown,Louisiana Tech,2002,OTHER,0.0,0.0,0.0,0.0,3539.0,19.0,0.0,0.0,0.0,0.0,0.0,0.0,
Mack Vincent,Louisiana-Monroe,2002,SUN BELT,0.0,0.0,0.0,0.0,0.0,0.0,0.0,0.0,0.0,0.0,0.0,0.0,
Marc Dunn*,Kansas State,2002,BIG 12,0.0,0.0,0.0,0.0,383.0,6.0,0.0,0.0,0.0,0.0,30.7,29.16,
Marc Guillon*,Miami (FL),2002,OTHER,0.0,0.0,0.0,0.0,53.0,1.0,0.0,0.0,0.0,0.0,0.0,0.0,
Marcellus Chapman,Army,2002,CUSA,0.0,0.0,0.0,0.0,15.0,1.0,0.0,0.0,0.0,0.0,4.89,3.42,
Marcus Arroyo,San Jose State,2002,OTHER,0.0,0.0,0.0,0.0,59.0,0.0,0.0,0.0,0.0,0.0,0.0,0.0,
Marcus Randall*,LSU,2002,SEC,0.0,0.0,0.0,0.0,1173.0,7.0,0.0,0.0,0.0,0.0,51.35,51.35,
Mark Farris,Texas A&M,2002,BIG 12,0.0,0.0,0.0,0.0,251.0,0.0,0.0,0.0,0.0,0.0,3.9,3.7,
Mark Fazzolari*,West Virginia,2002,OTHER,0.0,0.0,0.0,0.0,0.0,0.0,0.0,0.0,0.0,0.0,0.0,0.0,
Markis Facyson,Rutgers,2002,OTHER,0.0,0.0,0.0,0.0,36.0,0.0,0.0,0.0,0.0,0.0,0.0,0.0,
Marque Davis*,Fresno State,2002,OTHER,0.0,0.0,0.0,0.0,0.0,0.0,0.0,0.0,0.0,0.0,0.0,0.0,
Marquel Blackwell,South Florida,2002,INDEPENDENT,0.0,0.0,0.0,0.0,2590.0,18.0,0.0,0.0,0.0,0.0,0.0,0.0,
Marques Hagans*,Virginia,2002,ACC,0.0,0.0,0.0,0.0,143.0,1.0,0.0,0.0,0.0,0.0,3.78,3.59,
Matt Baker,North Carolina,2002,ACC,0.0,0.0,0.0,0.0,131.0,1.0,0.0,0.0,0.0,0.0,4.43,4.21,
Matt Berry,BYU,2002,MWC,0.0,0.0,0.0,0.0,1309.0,7.0,0.0,0.0,0.0,0.0,42.79,32.52,
Matt Cassel*,USC,2002,PAC 12,0.0,0.0,0.0,0.0,27.0,0.0,0.0,0.0,0.0,0.0,0.34,0.32,
Matt Jones*,Arkansas,2002,SEC,0.0,0.0,0.0,0.0,1592.0,16.0,0.0,0.0,0.0,0.0,86.67,86.67,
Matt Kegel*,Washington State,2002,PAC 12,0.0,0.0,0.0,0.0,211.0,1.0,0.0,0.0,0.0,0.0,4.44,4.22,
Matt Mauck*,LSU,2002,SEC,0.0,0.0,0.0,0.0,782.0,9.0,0.0,0.0,0.0,0.0,47.77,47.77,
Matt McCoy*,Oklahoma,2002,BIG 12,0.0,0.0,0.0,0.0,14.0,1.0,0.0,0.0,0.0,0.0,2.03,1.93,
Matt Moore*,UCLA,2002,PAC 12,0.0,0.0,0.0,0.0,412.0,2.0,0.0,0.0,0.0,0.0,12.16,11.55,
Matt Ray,Troy,2002,INDEPENDENT,0.0,0.0,0.0,0.0,65.0,0.0,0.0,0.0,0.0,0.0,0.0,0.0,
Matt Schaub*,Virginia,2002,ACC,0.0,0.0,0.0,0.0,2976.0,28.0,0.0,0.0,0.0,0.0,89.93,85.43,
Matt Silva,Army,2002,CUSA,0.0,0.0,0.0,0.0,402.0,1.0,0.0,0.0,0.0,0.0,13.9,9.73,
Maurice Avery,Memphis,2002,CUSA,0.0,0.0,0.0,0.0,32.0,0.0,0.0,0.0,0.0,0.0,0.56,0.39,
Maxie Causey,Louisiana Tech,2002,OTHER,0.0,0.0,0.0,0.0,94.0,0.0,0.0,0.0,0.0,0.0,0.0,0.0,
Mewelde Moore*,Tulane,2002,CUSA,0.0,0.0,0.0,0.0,0.0,0.0,0.0,0.0,0.0,0.0,0.0,0.0,
Micah Faler,Akron,2002,MAC,0.0,0.0,0.0,0.0,31.0,2.0,0.0,0.0,0.0,0.0,6.08,4.26,
Michael Brunker*,New Mexico,2002,MWC,0.0,0.0,0.0,0.0,18.0,0.0,0.0,0.0,0.0,0.0,0.44,0.33,
Michael Cox*,Oklahoma State,2002,BIG 12,0.0,0.0,0.0,0.0,0.0,0.0,0.0,0.0,0.0,0.0,0.0,0.0,
Michael Harrington,Idaho,2002,SUN BELT,0.0,0.0,0.0,0.0,272.0,2.0,0.0,0.0,0.0,0.0,8.26,6.28,
Michael Radon,Buffalo,2002,MAC,0.0,0.0,0.0,0.0,119.0,1.0,0.0,0.0,0.0,0.0,6.63,4.64,
Michael Robinson*,Penn State,2002,BIG TEN,0.0,0.0,0.0,0.0,119.0,0.0,0.0,0.0,0.0,0.0,2.35,2.35,
Mickey Peters*,Texas Tech,2002,BIG 12,0.0,0.0,0.0,0.0,54.0,0.0,0.0,0.0,0.0,0.0,0.5,0.48,
Micky D'Angelo*,Southern Mississippi,2002,CUSA,0.0,0.0,0.0,0.0,1647.0,7.0,0.0,0.0,0.0,0.0,65.42,45.79,
Mike Alexander,Arkansas State,2002,SUN BELT,0.0,0.0,0.0,0.0,35.0,0.0,0.0,0.0,0.0,0.0,0.94,0.71,
Mike Frost,Temple,2002,OTHER,0.0,0.0,0.0,0.0,172.0,2.0,0.0,0.0,0.0,0.0,0.0,0.0,
Mike McGann,Temple,2002,OTHER,0.0,0.0,0.0,0.0,1994.0,13.0,0.0,0.0,0.0,0.0,0.0,0.0,
Mike Rhinehart*,Purdue,2002,BIG TEN,0.0,0.0,0.0,0.0,0.0,0.0,0.0,0.0,0.0,0.0,0.0,0.0,
Mike Sanford Jr.*,Boise State,2002,OTHER,0.0,0.0,0.0,0.0,56.0,0.0,0.0,0.0,0.0,0.0,0.0,0.0,
Mike Stuntz*,Nebraska,2002,BIG 12,0.0,0.0,0.0,0.0,100.0,0.0,0.0,0.0,0.0,0.0,3.42,3.25,
Mike Williams*,USC,2002,PAC 12,0.0,0.0,0.0,0.0,19.0,0.0,0.0,0.0,0.0,0.0,0.24,0.23,
Nate Hybl*,Oklahoma,2002,BIG 12,0.0,0.0,0.0,0.0,2538.0,24.0,0.0,0.0,0.0,0.0,87.73,83.34,
Nate Smith*,Louisville,2002,CUSA,0.0,0.0,0.0,0.0,0.0,0.0,0.0,0.0,0.0,0.0,0.0,0.0,
Nathan Chandler*,Iowa,2002,BIG TEN,0.0,0.0,0.0,0.0,161.0,1.0,0.0,0.0,0.0,0.0,4.8,4.8,
Nic Costa,Arizona,2002,PAC 12,0.0,0.0,0.0,0.0,150.0,1.0,0.0,0.0,0.0,0.0,5.1,4.84,
Nick Eddy,Houston,2002,CUSA,0.0,0.0,0.0,0.0,2054.0,16.0,0.0,0.0,0.0,0.0,80.57,56.4,
Nick Maddox*,Florida State,2002,ACC,0.0,0.0,0.0,0.0,0.0,0.0,0.0,0.0,0.0,0.0,0.0,0.0,
Nick Reid,Kansas,2002,BIG 12,0.0,0.0,0.0,0.0,24.0,0.0,0.0,0.0,0.0,0.0,0.52,0.49,
Nick Sparks,Akron,2002,MAC,0.0,0.0,0.0,0.0,107.0,1.0,0.0,0.0,0.0,0.0,4.58,3.21,
Omar Duarte,UTEP,2002,OTHER,0.0,0.0,0.0,0.0,1000.0,6.0,0.0,0.0,0.0,0.0,0.0,0.0,
Orlando Cruz,UTEP,2002,OTHER,0.0,0.0,0.0,0.0,466.0,3.0,0.0,0.0,0.0,0.0,0.0,0.0,
Orlando Evans*,Maryland,2002,ACC,0.0,0.0,0.0,0.0,0.0,0.0,0.0,0.0,0.0,0.0,0.0,0.0,
Owen Daniels*,Wisconsin,2002,BIG TEN,0.0,0.0,0.0,0.0,9.0,0.0,0.0,0.0,0.0,0.0,0.2,0.2,
Pat Dillingham*,Notre Dame,2002,INDEPENDENT,0.0,0.0,0.0,0.0,434.0,1.0,0.0,0.0,0.0,0.0,0.0,0.0,
Paul Dombrowski,New Mexico State,2002,SUN BELT,0.0,0.0,0.0,0.0,1327.0,7.0,0.0,0.0,0.0,0.0,55.31,42.04,
Paul Pinegar*,Fresno State,2002,OTHER,0.0,0.0,0.0,0.0,2929.0,20.0,0.0,0.0,0.0,0.0,0.0,0.0,
Paul Thompson*,Oklahoma,2002,BIG 12,0.0,0.0,0.0,0.0,95.0,2.0,0.0,0.0,0.0,0.0,5.25,4.99,
Paul Troth,East Carolina,2002,CUSA,0.0,0.0,0.0,0.0,2315.0,15.0,0.0,0.0,0.0,0.0,91.79,64.25,
Phil Braxton*,West Virginia,2002,OTHER,0.0,0.0,0.0,0.0,0.0,0.0,0.0,0.0,0.0,0.0,0.0,0.0,
Philip Rivers*,North Carolina State,2002,ACC,0.0,0.0,0.0,0.0,3353.0,20.0,0.0,0.0,0.0,0.0,98.34,93.42,
Phillip Moss,UTEP,2002,OTHER,0.0,0.0,0.0,0.0,25.0,0.0,0.0,0.0,0.0,0.0,0.0,0.0,
Preston Gruening*,Minnesota,2002,BIG TEN,0.0,0.0,0.0,0.0,28.0,0.0,0.0,0.0,0.0,0.0,0.59,0.59,
Quincy Wright*,New Mexico,2002,MWC,0.0,0.0,0.0,0.0,18.0,1.0,0.0,0.0,0.0,0.0,3.78,2.87,
Quinton Broussard*,Toledo,2002,MAC,0.0,0.0,0.0,0.0,25.0,0.0,0.0,0.0,0.0,0.0,0.35,0.24,
Quinton Porter*,Boston College,2002,OTHER,0.0,0.0,0.0,0.0,27.0,0.0,0.0,0.0,0.0,0.0,0.0,0.0,
R.J. Anderson,Syracuse,2002,OTHER,0.0,0.0,0.0,0.0,899.0,4.0,0.0,0.0,0.0,0.0,0.0,0.0,
Randall Secky,Buffalo,2002,MAC,0.0,0.0,0.0,0.0,2015.0,12.0,0.0,0.0,0.0,0.0,93.37,65.36,
Rashaun Sanders*,New Mexico,2002,MWC,0.0,0.0,0.0,0.0,0.0,0.0,0.0,0.0,0.0,0.0,0.0,0.0,
Rasheed Marshall*,West Virginia,2002,OTHER,0.0,0.0,0.0,0.0,1616.0,9.0,0.0,0.0,0.0,0.0,0.0,0.0,
Reggie McNeal,Texas A&M,2002,BIG 12,0.0,0.0,0.0,0.0,456.0,6.0,0.0,0.0,0.0,0.0,19.09,18.14,
Reggie Nevels,Army,2002,CUSA,0.0,0.0,0.0,0.0,617.0,4.0,0.0,0.0,0.0,0.0,32.54,22.78,
Reggie Robertson,California,2002,PAC 12,0.0,0.0,0.0,0.0,64.0,1.0,0.0,0.0,0.0,0.0,2.69,2.56,
Reshard Lee,Middle Tennessee State,2002,SUN BELT,0.0,0.0,0.0,0.0,81.0,0.0,0.0,0.0,0.0,0.0,2.19,1.66,
Rex Grossman*,Florida,2002,SEC,0.0,0.0,0.0,0.0,3402.0,22.0,0.0,0.0,0.0,0.0,98.34,98.34,
Richard Alston,East Carolina,2002,CUSA,0.0,0.0,0.0,0.0,0.0,0.0,0.0,0.0,0.0,0.0,0.0,0.0,
Richard Bartel,SMU,2002,OTHER,0.0,0.0,0.0,0.0,1078.0,8.0,0.0,0.0,0.0,0.0,0.0,0.0,
Rick Clausen*,LSU,2002,SEC,0.0,0.0,0.0,0.0,35.0,0.0,0.0,0.0,0.0,0.0,0.88,0.88,
Rob Barkers*,Air Force,2002,MWC,0.0,0.0,0.0,0.0,0.0,0.0,0.0,0.0,0.0,0.0,0.0,0.0,
Robert Barkers*,Air Force,2002,MWC,0.0,0.0,0.0,0.0,0.0,0.0,0.0,0.0,0.0,0.0,0.0,0.0,
Robert Hodge*,Colorado,2002,BIG 12,0.0,0.0,0.0,0.0,1609.0,13.0,0.0,0.0,0.0,0.0,81.17,77.11,
Robert Wallis,Mississippi State,2002,SEC,0.0,0.0,0.0,0.0,0.0,0.0,0.0,0.0,0.0,0.0,0.0,0.0,
Rod Rutherford*,Pitt,2002,OTHER,0.0,0.0,0.0,0.0,2783.0,22.0,0.0,0.0,0.0,0.0,0.0,0.0,
Ronnie Banks,South Florida,2002,INDEPENDENT,0.0,0.0,0.0,0.0,182.0,2.0,0.0,0.0,0.0,0.0,0.0,0.0,
Roscoe Parrish*,Miami (FL),2002,OTHER,0.0,0.0,0.0,0.0,0.0,0.0,0.0,0.0,0.0,0.0,0.0,0.0,
Ross Pilkington*,Nebraska,2002,BIG 12,0.0,0.0,0.0,0.0,0.0,0.0,0.0,0.0,0.0,0.0,0.0,0.0,
Ryan Cubit,Rutgers,2002,OTHER,0.0,0.0,0.0,0.0,657.0,5.0,0.0,0.0,0.0,0.0,0.0,0.0,
Ryan Dinwiddie*,Boise State,2002,OTHER,0.0,0.0,0.0,0.0,2283.0,20.0,0.0,0.0,0.0,0.0,0.0,0.0,
Ryan Eklund,Stanford,2002,PAC 12,0.0,0.0,0.0,0.0,37.0,1.0,0.0,0.0,0.0,0.0,4.52,4.29,
Ryan Gilbert,Northern Illinois,2002,MAC,0.0,0.0,0.0,0.0,56.0,1.0,0.0,0.0,0.0,0.0,4.46,3.12,
Ryan Hart,Rutgers,2002,OTHER,0.0,0.0,0.0,0.0,479.0,2.0,0.0,0.0,0.0,0.0,0.0,0.0,
Ryan Moody,Navy,2002,INDEPENDENT,0.0,0.0,0.0,0.0,0.0,0.0,0.0,0.0,0.0,0.0,0.0,0.0,
Ryan Schneider,UCF,2002,MAC,0.0,0.0,0.0,0.0,3770.0,31.0,0.0,0.0,0.0,0.0,99.13,69.39,
Ryan Sorahan*,Arkansas,2002,SEC,0.0,0.0,0.0,0.0,114.0,1.0,0.0,0.0,0.0,0.0,5.8,5.8,
Scott Hall*,North Texas,2002,SUN BELT,0.0,0.0,0.0,0.0,35.0,0.0,0.0,0.0,0.0,0.0,1.32,1.0,
Scott McBrien*,Maryland,2002,ACC,0.0,0.0,0.0,0.0,2497.0,15.0,0.0,0.0,0.0,0.0,96.8,91.96,
Scott McMullen*,Ohio State,2002,BIG TEN,0.0,0.0,0.0,0.0,315.0,2.0,0.0,0.0,0.0,0.0,13.64,13.64,
Scott Rislov,San Jose State,2002,OTHER,0.0,0.0,0.0,0.0,3251.0,22.0,0.0,0.0,0.0,0.0,0.0,0.0,
Scott Vossmeyer*,Oregon,2002,PAC 12,0.0,0.0,0.0,0.0,6.0,0.0,0.0,0.0,0.0,0.0,0.1,0.1,
Sean Stilley*,Texas Christian,2002,CUSA,0.0,0.0,0.0,0.0,1371.0,6.0,0.0,0.0,0.0,0.0,59.22,41.45,
Seneca Wallace*,Iowa State,2002,BIG 12,0.0,0.0,0.0,0.0,3245.0,15.0,0.0,0.0,0.0,0.0,95.92,91.12,
Shane Boyd,Kentucky,2002,SEC,0.0,0.0,0.0,0.0,99.0,0.0,0.0,0.0,0.0,0.0,2.07,2.07,
Shaud Williams,Alabama,2002,SEC,0.0,0.0,0.0,0.0,0.0,0.0,0.0,0.0,0.0,0.0,0.0,0.0,
Shawn Withy-Allen*,Hawaii,2002,OTHER,0.0,0.0,0.0,0.0,770.0,7.0,0.0,0.0,0.0,0.0,0.0,0.0,
Sherman Austin,UTEP,2002,OTHER,0.0,0.0,0.0,0.0,5.0,1.0,0.0,0.0,0.0,0.0,0.0,0.0,
Sky Rylant*,Oklahoma State,2002,BIG 12,0.0,0.0,0.0,0.0,0.0,0.0,0.0,0.0,0.0,0.0,0.0,0.0,
Sonny Cumbie*,Texas Tech,2002,BIG 12,0.0,0.0,0.0,0.0,34.0,0.0,0.0,0.0,0.0,0.0,0.31,0.29,
Spencer Brinton*,Michigan,2002,BIG TEN,0.0,0.0,0.0,0.0,121.0,0.0,0.0,0.0,0.0,0.0,2.0,2.0,
Spencer Pennington,Alabama,2002,SEC,0.0,0.0,0.0,0.0,1.0,0.0,0.0,0.0,0.0,0.0,0.02,0.02,
Stan Hill*,Marshall,2002,MAC,0.0,0.0,0.0,0.0,536.0,5.0,0.0,0.0,0.0,0.0,12.72,8.9,
Stefan Lefors*,Louisville,2002,CUSA,0.0,0.0,0.0,0.0,49.0,1.0,0.0,0.0,0.0,0.0,2.83,1.98,
Steven Jyles,Louisiana-Monroe,2002,SUN BELT,0.0,0.0,0.0,0.0,2318.0,17.0,0.0,0.0,0.0,0.0,93.51,71.07,
T.J. Acree*,Boise State,2002,OTHER,0.0,0.0,0.0,0.0,25.0,1.0,0.0,0.0,0.0,0.0,0.0,0.0,
Talmadge Hill,Ball State,2002,MAC,0.0,0.0,0.0,0.0,803.0,5.0,0.0,0.0,0.0,0.0,31.23,21.86,
Tarvaris Jackson*,Arkansas,2002,SEC,0.0,0.0,0.0,0.0,143.0,1.0,0.0,0.0,0.0,0.0,6.57,6.57,
Tate Wallis,SMU,2002,OTHER,0.0,0.0,0.0,0.0,834.0,3.0,0.0,0.0,0.0,0.0,0.0,0.0,
Taylor Barton*,Washington,2002,PAC 12,0.0,0.0,0.0,0.0,43.0,0.0,0.0,0.0,0.0,0.0,0.48,0.46,
Ted Trump,Rutgers,2002,OTHER,0.0,0.0,0.0,0.0,740.0,4.0,0.0,0.0,0.0,0.0,0.0,0.0,
Terrance Copper,East Carolina,2002,CUSA,0.0,0.0,0.0,0.0,12.0,0.0,0.0,0.0,0.0,0.0,0.23,0.16,
Terrell Williams,California,2002,PAC 12,0.0,0.0,0.0,0.0,78.0,1.0,0.0,0.0,0.0,0.0,2.93,2.78,
Terrence Edwards*,Georgia,2002,SEC,0.0,0.0,0.0,0.0,4.0,0.0,0.0,0.0,0.0,0.0,0.06,0.06,
Teyo Johnson,Stanford,2002,PAC 12,0.0,0.0,0.0,0.0,0.0,0.0,0.0,0.0,0.0,0.0,0.0,0.0,
Thomas Cox,UAB,2002,CUSA,0.0,0.0,0.0,0.0,207.0,1.0,0.0,0.0,0.0,0.0,8.01,5.61,
Tim Gilligan*,Boise State,2002,OTHER,0.0,0.0,0.0,0.0,0.0,0.0,0.0,0.0,0.0,0.0,0.0,0.0,
Tim Parker*,Arizona State,2002,PAC 12,0.0,0.0,0.0,0.0,23.0,0.0,0.0,0.0,0.0,0.0,0.27,0.26,
Timmy Chang*,Hawaii,2002,OTHER,0.0,0.0,0.0,0.0,4474.0,25.0,0.0,0.0,0.0,0.0,0.0,0.0,
Toby Christensen,BYU,2002,MWC,0.0,0.0,0.0,0.0,17.0,1.0,0.0,0.0,0.0,0.0,3.4,2.58,
Todd Mortensen,BYU,2002,MWC,0.0,0.0,0.0,0.0,92.0,0.0,0.0,0.0,0.0,0.0,1.47,1.12,
Tom Hagan*,Virginia,2002,ACC,0.0,0.0,0.0,0.0,8.0,0.0,0.0,0.0,0.0,0.0,0.12,0.11,
Tommy Cook,Kentucky,2002,SEC,0.0,0.0,0.0,0.0,0.0,0.0,0.0,0.0,0.0,0.0,0.0,0.0,
Tommy Jones,Indiana,2002,BIG TEN,0.0,0.0,0.0,0.0,879.0,9.0,0.0,0.0,0.0,0.0,39.55,39.55,
Tommy Miller,Arkansas State,2002,SUN BELT,0.0,0.0,0.0,0.0,38.0,0.0,0.0,0.0,0.0,0.0,1.02,0.78,
Tony Elliott*,Clemson,2002,ACC,0.0,0.0,0.0,0.0,37.0,0.0,0.0,0.0,0.0,0.0,0.59,0.56,
Tony Lane,Navy,2002,INDEPENDENT,0.0,0.0,0.0,0.0,0.0,0.0,0.0,0.0,0.0,0.0,0.0,0.0,
Tony Stauss,Northwestern,2002,BIG TEN,0.0,0.0,0.0,0.0,535.0,2.0,0.0,0.0,0.0,0.0,20.72,20.72,
Torrence Botts,Houston,2002,CUSA,0.0,0.0,0.0,0.0,74.0,0.0,0.0,0.0,0.0,0.0,1.39,0.97,
Travis Cox,Utah State,2002,INDEPENDENT,0.0,0.0,0.0,0.0,11.0,0.0,0.0,0.0,0.0,0.0,0.0,0.0,
Troy Edwards,Eastern Michigan,2002,MAC,0.0,0.0,0.0,0.0,2762.0,22.0,0.0,0.0,0.0,0.0,94.47,66.13,
Troy Nunes,Syracuse,2002,OTHER,0.0,0.0,0.0,0.0,1337.0,8.0,0.0,0.0,0.0,0.0,0.0,0.0,
Tye Gunn*,Texas Christian,2002,CUSA,0.0,0.0,0.0,0.0,632.0,6.0,0.0,0.0,0.0,0.0,40.78,28.55,
Tyeler Dean,South Carolina,2002,SEC,0.0,0.0,0.0,0.0,8.0,0.0,0.0,0.0,0.0,0.0,0.22,0.22,
Tyler Ebell*,UCLA,2002,PAC 12,0.0,0.0,0.0,0.0,0.0,0.0,0.0,0.0,0.0,0.0,0.0,0.0,
Tyler Gooch,Tulsa,2002,OTHER,0.0,0.0,0.0,0.0,2100.0,17.0,0.0,0.0,0.0,0.0,0.0,0.0,
Tyler Palko*,Pitt,2002,OTHER,0.0,0.0,0.0,0.0,13.0,0.0,0.0,0.0,0.0,0.0,0.0,0.0,
Tyler Watts,Alabama,2002,SEC,0.0,0.0,0.0,0.0,1414.0,7.0,0.0,0.0,0.0,0.0,57.76,57.76,
Tyson Dunham,BYU,2002,MWC,0.0,0.0,0.0,0.0,1.0,0.0,0.0,0.0,0.0,0.0,0.02,0.02,
Vernell Brown*,Florida,2002,SEC,0.0,0.0,0.0,0.0,0.0,0.0,0.0,0.0,0.0,0.0,0.0,0.0,
Vince Copeland,Baylor,2002,BIG 12,0.0,0.0,0.0,0.0,0.0,0.0,0.0,0.0,0.0,0.0,0.0,0.0,
Wali Lundy*,Virginia,2002,ACC,0.0,0.0,0.0,0.0,38.0,1.0,0.0,0.0,0.0,0.0,2.15,2.04,
Will Hunt*,Virginia Tech,2002,OTHER,0.0,0.0,0.0,0.0,9.0,0.0,0.0,0.0,0.0,0.0,0.0,0.0,
Willie Simmons*,Clemson,2002,ACC,0.0,0.0,0.0,0.0,1559.0,6.0,0.0,0.0,0.0,0.0,43.44,41.27,
Zac Colvin*,Colorado,2002,BIG 12,0.0,0.0,0.0,0.0,19.0,1.0,0.0,0.0,0.0,0.0,3.6,3.42,
Zac Dahman,Army,2002,CUSA,0.0,0.0,0.0,0.0,1039.0,5.0,0.0,0.0,0.0,0.0,46.9,32.83,
Zach Dyer,Kansas,2002,BIG 12,0.0,0.0,0.0,0.0,259.0,1.0,0.0,0.0,0.0,0.0,9.51,9.03,
Zach Gerstner,Idaho,2002,SUN BELT,0.0,0.0,0.0,0.0,30.0,0.0,0.0,0.0,0.0,0.0,0.43,0.33,
Zack Mills*,Penn State,2002,BIG TEN,0.0,0.0,0.0,0.0,2417.0,17.0,0.0,0.0,0.0,0.0,97.65,97.65,
Zack Threadgill,Nevada,2002,OTHER,0.0,0.0,0.0,0.0,3418.0,26.0,0.0,0.0,0.0,0.0,0.0,0.0,
Ziehl Kavanaght,Michigan State,2002,BIG TEN,0.0,0.0,0.0,0.0,0.0,0.0,0.0,0.0,0.0,0.0,0.0,0.0,
_ Brady,New Mexico State,2002,SUN BELT,0.0,0.0,0.0,0.0,27.0,0.0,0.0,0.0,0.0,0.0,0.58,0.44,
_ Gonzalez*,North Texas,2002,SUN BELT,0.0,0.0,0.0,0.0,65.0,1.0,0.0,0.0,0.0,0.0,8.7,6.61,
